Animal,ID,Frame,Width,Length,Height_Centroid,Height_average,Volume,Real
100,1712324338,0,121.82364302548172,328.97568299191965,1278.0664,1217.6439240799357,40213908.23666401,287
28,1734630209,2,132.01893803541975,399.0112780360976,1286.1171,1285.930174199953,53378961.531039506,305
